Louis Agnello,louis_agnello@email.com
Brendan Dunn,brendan_dunn@email.com
Christina Haley,christina_haley@email.com
Virgil Miller,virgil_miller@email.com
Ed Pagano,ed_pagano@email.com
Zach Rudisill,zach_rudisill@email.com
Arshi Siddiqui,arshi_siddiqui@email.com
Elinor Hiller,elinor_hiller@email.com
Michael Park,michael_park@email.com
Earl Pomeroy,earl_pomeroy@email.com
Bob Siggins,bob_siggins@email.com
Timothy P Trysla,timothy_p trysla@email.com
Alexandra Minkovich,alexandra_minkovich@email.com
Joshua Odintz,joshua_odintz@email.com
Tiffani Williams,tiffani_williams@email.com
David Bockorny,david_bockorny@email.com
Blair Larkins,blair_larkins@email.com
Gavin Proffitt,gavin_proffitt@email.com
Joseph Rubin,joseph_rubin@email.com
Scott B Styles,scott_b styles@email.com
David Jory,david_jory@email.com
Brian Sutter,brian_sutter@email.com
Thomas Wharton,thomas_wharton@email.com
Emily Wilkinson,emily_wilkinson@email.com
Elizabeth Brooks,elizabeth_brooks@email.com
Glen Chambers,glen_chambers@email.com
Rosalyn Kumar,rosalyn_kumar@email.com
Joy A McGlaun,joy_a mcglaun@email.com
Shannon Penberthy,shannon_penberthy@email.com
Amy Rosenbaum,amy_rosenbaum@email.com
Sarah Schmidt,sarah_schmidt@email.com
Melissa Schulman,melissa_schulman@email.com
Oscar T Ramirez,oscar_t ramirez@email.com
Dana J Thompson,dana_j thompson@email.com
Aaron Trujillo,aaron_trujillo@email.com
Lori Denham,lori_denham@email.com
Adam Hechavarria,adam_hechavarria@email.com
MJ Kenny,mj_kenny@email.com
Lisa Kountoupes,lisa_kountoupes@email.com
Randi Reid,randi_reid@email.com
Maura Keefe,maura_keefe@email.com
Brian Greer,brian_greer@email.com
Matthew Johnson,matthew_johnson@email.com
Izzy Klein,izzy_klein@email.com
Katie Weider,katie_weider@email.com
Rodney Whitlock,rodney_whitlock@email.com
Leonard Jr Bickwit,leonard_jr bickwit@email.com
Marc J Gerson,marc_j gerson@email.com
